slim_name;slim_seq;apo_structure_source;apo_chain_in_source;apo_seq;apo_model_name;apo_pdb
p62;330-349;2ZJD;a;1-120;model0;apo_lc3B_p62AB.B99990001.pdb
fyco1;1272-1291;5WRD;a;1-120;model1;apo_lc3B_fyco1AC.B99990001.pdb
trim5alfa;188-207;5W9A;a;1-120;model2;apo_lc3B_trim5aAC.B99990001.pdb
fundc1;10-29;2N9X;a;1-120;model3;apo_2N9X_model_1_clean.pdb
ccdc50;165-184;6LAN;a;1-120;model4;apo_lc3B_ccdc50AA.B99990001.pdb
ravz;427-446;5XAD;a;1-120;model5;apo_lc3B_ravzAC.B99990001.pdb
p62;330-349;5XAD;a;1-120;model5;apo_lc3B_ravzAC.B99990001.pdb
fyco1;1272-1291;2ZJD;a;1-120;model0;apo_lc3B_p62AB.B99990001.pdb
trim5alfa;188-207;2ZJD;a;1-120;model0;apo_lc3B_p62AB.B99990001.pdb
fundc1;10-29;2ZJD;a;1-120;model0;apo_lc3B_p62AB.B99990001.pdb
ccdc50;165-184;2ZJD;a;1-120;model0;apo_lc3B_p62AB.B99990001.pdb
ravz;427-446;2ZJD;a;1-120;model0;apo_lc3B_p62AB.B99990001.pdb
p62;330-349;5WRD;a;1-120;model1;apo_lc3B_fyco1AC.B99990001.pdb
fyco1;1272-1291;5XAD;a;1-120;model5;apo_lc3B_ravzAC.B99990001.pdb
trim5alfa;188-207;5WRD;a;1-120;model1;apo_lc3B_fyco1AC.B99990001.pdb
fundc1;10-29;5WRD;a;1-120;model1;apo_lc3B_fyco1AC.B99990001.pdb
ccdc50;165-184;5WRD;a;1-120;model1;apo_lc3B_fyco1AC.B99990001.pdb
ravz;427-446;5WRD;a;1-120;model1;apo_lc3B_fyco1AC.B99990001.pdb
p62;330-349;5W9A;a;1-120;model2;apo_lc3B_trim5aAC.B99990001.pdb
fyco1;1272-1291;5W9A;a;1-120;model2;apo_lc3B_trim5aAC.B99990001.pdb
trim5alfa;188-207;5XAD;a;1-120;model5;apo_lc3B_ravzAC.B99990001.pdb
fundc1;10-29;5W9A;a;1-120;model2;apo_lc3B_trim5aAC.B99990001.pdb
ccdc50;165-184;5W9A;a;1-120;model2;apo_lc3B_trim5aAC.B99990001.pdb
ravz;427-446;5W9A;a;1-120;model2;apo_lc3B_trim5aAC.B99990001.pdb
p62;330-349;2N9X;a;1-120;model3;apo_2N9X_model_1_clean.pdb
fyco1;1272-1291;2N9X;a;1-120;model3;apo_2N9X_model_1_clean.pdb
trim5alfa;188-207;2N9X;a;1-120;model3;apo_2N9X_model_1_clean.pdb
fundc1;10-29;5XAD;a;1-120;model5;apo_lc3B_ravzAC.B99990001.pdb
ccdc50;165-184;2N9X;a;1-120;model3;apo_2N9X_model_1_clean.pdb
ravz;427-446;2N9X;a;1-120;model3;apo_2N9X_model_1_clean.pdb
p62;330-349;6LAN;a;1-120;model4;apo_lc3B_ccdc50AA.B99990001.pdb
fyco1;1272-1291;6LAN;a;1-120;model4;apo_lc3B_ccdc50AA.B99990001.pdb
trim5alfa;188-207;6LAN;a;1-120;model4;apo_lc3B_ccdc50AA.B99990001.pdb
fundc1;10-29;6LAN;a;1-120;model4;apo_lc3B_ccdc50AA.B99990001.pdb
ccdc50;165-184;5XAD;a;1-120;model5;apo_lc3B_ravzAC.B99990001.pdb
ravz;427-446;6LAN;a;1-120;model4;apo_lc3B_ccdc50AA.B99990001.pdb
