,Model,Accuracy,SOV_99,SOV_refine
0,model_0,0.568,0.580,0.658
1,model_1,0.563,0.561,0.624
2,model_2,0.563,0.553,0.612
3,model_3,0.608,0.629,0.681
4,model_4,0.538,0.534,0.602
5,model_5,0.598,0.621,0.664
6,model_6,0.628,0.630,0.678
7,model_7,0.568,0.574,0.639
8,model_8,0.603,0.595,0.639
9,model_9,0.618,0.606,0.649
10,model_10,0.573,0.591,0.643
11,model_11,0.588,0.553,0.639
12,model_12,0.588,0.579,0.656
13,model_13,0.578,0.597,0.653
14,model_14,0.588,0.600,0.658
15,model_15,0.548,0.547,0.627
16,model_16,0.628,0.616,0.670
17,model_17,0.608,0.586,0.654
18,model_18,0.668,0.644,0.696
19,model_19,0.558,0.548,0.602
